Feature	Frontend	Backend	Database	API	Testing	Deployment	Overall Status	Completion %
Authentication	70	65	50	60	10	0	In Progress	60
Customer Ledger	88	86	78	86	22	0	In Progress	82
Payments	74	78	70	78	18	0	In Progress	72
Supplier Purchases	86	84	78	85	20	0	QA	82
Customer Credits	55	78	70	78	12	0	In Progress	58
Inventory / Collections	90	84	84	86	22	0	QA	84
Shopping Products	88	80	76	80	22	0	QA	82
Orders	86	80	76	80	22	0	QA	82
Staff Management	88	90	86	88	22	0	QA	86
Dashboard	78	25	0	72	18	0	In Progress	68
Transactions	5	0	0	0	0	0	Not Started	5
Reports	5	0	0	0	0	0	Not Started	5
Settings	5	0	0	0	0	0	Not Started	5
Project Management	100	0	0	0	100	0	Done	100
